,LOCATION_CODE,CAMERA_TYPE,LOCATION_DETAILS,SCHOOL_ZONE_IND,SPEED_IND,RED_LIGHT_CAMERA_IND
5,7297.0,Red Light / Speed Camera,EPPING ROAD LANE COVE WESTBOUND,,,Y
12,7254.0,Red Light / Speed Camera,LANE COVE ROAD (SOUTHBOUND) NORTH RYDE SOUTHBOUND,Y,,Y
17,7270.0,Red Light / Speed Camera,LANE COVE ROAD (NORTHBOUND) NORTH RYDE NORTHBOUND,,,Y
31,7270.0,Red Light / Speed Camera,LANE COVE ROAD (NORTHBOUND) NORTH RYDE NORTHBOUND,Y,,Y
44,7270.0,Red Light / Speed Camera,LANE COVE ROAD (NORTHBOUND) NORTH RYDE NORTHBOUND,,,Y
48,7254.0,Red Light / Speed Camera,LANE COVE ROAD (SOUTHBOUND) NORTH RYDE SOUTHBOUND,,,Y
54,7270.0,Red Light / Speed Camera,LANE COVE ROAD (NORTHBOUND) NORTH RYDE NORTHBOUND,Y,,Y
55,7270.0,Red Light / Speed Camera,LANE COVE ROAD (NORTHBOUND) NORTH RYDE NORTHBOUND,,,Y
65,7254.0,Red Light / Speed Camera,LANE COVE ROAD (SOUTHBOUND) NORTH RYDE SOUTHBOUND,Y,,Y
69,7297.0,Red Light / Speed Camera,EPPING ROAD LANE COVE WESTBOUND,,,Y
73,7270.0,Red Light / Speed Camera,LANE COVE ROAD (NORTHBOUND) NORTH RYDE NORTHBOUND,,,Y
74,7270.0,Red Light / Speed Camera,LANE COVE ROAD (NORTHBOUND) NORTH RYDE NORTHBOUND,Y,,Y
76,7254.0,Red Light / Speed Camera,LANE COVE ROAD (SOUTHBOUND) NORTH RYDE SOUTHBOUND,,,Y
87,7270.0,Red Light / Speed Camera,LANE COVE ROAD (NORTHBOUND) NORTH RYDE NORTHBOUND,Y,,Y
95,7270.0,Red Light / Speed Camera,LANE COVE ROAD (NORTHBOUND) NORTH RYDE NORTHBOUND,,,Y
111,7270.0,Red Light / Speed Camera,LANE COVE ROAD (NORTHBOUND) NORTH RYDE NORTHBOUND,,,Y
114,7270.0,Red Light / Speed Camera,LANE COVE ROAD (NORTHBOUND) NORTH RYDE NORTHBOUND,Y,,Y
116,7270.0,Red Light / Speed Camera,LANE COVE ROAD (NORTHBOUND) NORTH RYDE NORTHBOUND,Y,,Y
119,7254.0,Red Light / Speed Camera,LANE COVE ROAD (SOUTHBOUND) NORTH RYDE SOUTHBOUND,Y,,Y
120,7297.0,Red Light / Speed Camera,EPPING ROAD LANE COVE WESTBOUND,,,Y
128,7297.0,Red Light / Speed Camera,EPPING ROAD LANE COVE WESTBOUND,,,Y
134,7254.0,Red Light / Speed Camera,LANE COVE ROAD (SOUTHBOUND) NORTH RYDE SOUTHBOUND,,,Y
139,7270.0,Red Light / Speed Camera,LANE COVE ROAD (NORTHBOUND) NORTH RYDE NORTHBOUND,Y,,Y
144,7270.0,Red Light / Speed Camera,LANE COVE ROAD (NORTHBOUND) NORTH RYDE NORTHBOUND,Y,,Y
161,7297.0,Red Light / Speed Camera,EPPING ROAD LANE COVE WESTBOUND,,,Y
165,7270.0,Red Light / Speed Camera,LANE COVE ROAD (NORTHBOUND) NORTH RYDE NORTHBOUND,,,Y
169,7270.0,Red Light / Speed Camera,LANE COVE ROAD (NORTHBOUND) NORTH RYDE NORTHBOUND,Y,,Y
183,7297.0,Red Light / Speed Camera,EPPING ROAD LANE COVE WESTBOUND,,,Y
196,7270.0,Red Light / Speed Camera,LANE COVE ROAD (NORTHBOUND) NORTH RYDE NORTHBOUND,,,Y
216,7297.0,Red Light / Speed Camera,EPPING ROAD LANE COVE WESTBOUND,,,Y
218,7270.0,Red Light / Speed Camera,LANE COVE ROAD (NORTHBOUND) NORTH RYDE NORTHBOUND,,,Y
220,7297.0,Red Light / Speed Camera,EPPING ROAD LANE COVE WESTBOUND,,,Y
221,7297.0,Red Light / Speed Camera,EPPING ROAD LANE COVE WESTBOUND,,,Y
230,7270.0,Red Light / Speed Camera,LANE COVE ROAD (NORTHBOUND) NORTH RYDE NORTHBOUND,,,Y
239,7297.0,Red Light / Speed Camera,EPPING ROAD LANE COVE WESTBOUND,,,Y
249,7254.0,Red Light / Speed Camera,LANE COVE ROAD (SOUTHBOUND) NORTH RYDE SOUTHBOUND,,,Y
251,7254.0,Red Light / Speed Camera,LANE COVE ROAD (SOUTHBOUND) NORTH RYDE SOUTHBOUND,,,Y
262,7254.0,Red Light / Speed Camera,LANE COVE ROAD (SOUTHBOUND) NORTH RYDE SOUTHBOUND,,,Y
265,7297.0,Red Light / Speed Camera,EPPING ROAD LANE COVE WESTBOUND,,,Y
266,7270.0,Red Light / Speed Camera,LANE COVE ROAD (NORTHBOUND) NORTH RYDE NORTHBOUND,,,Y
269,7254.0,Red Light / Speed Camera,LANE COVE ROAD (SOUTHBOUND) NORTH RYDE SOUTHBOUND,,,Y
270,7254.0,Red Light / Speed Camera,LANE COVE ROAD (SOUTHBOUND) NORTH RYDE SOUTHBOUND,,,Y
271,7297.0,Red Light / Speed Camera,EPPING ROAD LANE COVE WESTBOUND,,,Y
275,7270.0,Red Light / Speed Camera,LANE COVE ROAD (NORTHBOUND) NORTH RYDE NORTHBOUND,,,Y
280,7254.0,Red Light / Speed Camera,LANE COVE ROAD (SOUTHBOUND) NORTH RYDE SOUTHBOUND,,,Y
282,7297.0,Red Light / Speed Camera,EPPING ROAD LANE COVE WESTBOUND,,,Y
283,7270.0,Red Light / Speed Camera,LANE COVE ROAD (NORTHBOUND) NORTH RYDE NORTHBOUND,Y,,Y
285,7297.0,Red Light / Speed Camera,EPPING ROAD LANE COVE WESTBOUND,,,Y
288,7254.0,Red Light / Speed Camera,LANE COVE ROAD (SOUTHBOUND) NORTH RYDE SOUTHBOUND,,,Y
291,7270.0,Red Light / Speed Camera,LANE COVE ROAD (NORTHBOUND) NORTH RYDE NORTHBOUND,,,Y
304,7254.0,Red Light / Speed Camera,LANE COVE ROAD (SOUTHBOUND) NORTH RYDE SOUTHBOUND,Y,,Y
305,7254.0,Red Light / Speed Camera,LANE COVE ROAD (SOUTHBOUND) NORTH RYDE SOUTHBOUND,,,Y
308,7254.0,Red Light / Speed Camera,LANE COVE ROAD (SOUTHBOUND) NORTH RYDE SOUTHBOUND,,,Y
313,7254.0,Red Light / Speed Camera,LANE COVE ROAD (SOUTHBOUND) NORTH RYDE SOUTHBOUND,,,Y
319,7297.0,Red Light / Speed Camera,EPPING ROAD LANE COVE WESTBOUND,,,Y
333,7270.0,Red Light / Speed Camera,LANE COVE ROAD (NORTHBOUND) NORTH RYDE NORTHBOUND,Y,,Y
334,7297.0,Red Light / Speed Camera,EPPING ROAD LANE COVE WESTBOUND,,,Y
338,7270.0,Red Light / Speed Camera,LANE COVE ROAD (NORTHBOUND) NORTH RYDE NORTHBOUND,,,Y
339,7297.0,Red Light / Speed Camera,EPPING ROAD LANE COVE WESTBOUND,,,Y
344,7270.0,Red Light / Speed Camera,LANE COVE ROAD (NORTHBOUND) NORTH RYDE NORTHBOUND,Y,,Y
348,7270.0,Red Light / Speed Camera,LANE COVE ROAD (NORTHBOUND) NORTH RYDE NORTHBOUND,Y,,Y
373,7270.0,Red Light / Speed Camera,LANE COVE ROAD (NORTHBOUND) NORTH RYDE NORTHBOUND,,,Y
387,7270.0,Red Light / Speed Camera,LANE COVE ROAD (NORTHBOUND) NORTH RYDE NORTHBOUND,,,Y
395,7270.0,Red Light / Speed Camera,LANE COVE ROAD (NORTHBOUND) NORTH RYDE NORTHBOUND,Y,,Y
398,7297.0,Red Light / Speed Camera,EPPING ROAD LANE COVE WESTBOUND,,,Y
400,7297.0,Red Light / Speed Camera,EPPING ROAD LANE COVE WESTBOUND,,,Y
401,7270.0,Red Light / Speed Camera,LANE COVE ROAD (NORTHBOUND) NORTH RYDE NORTHBOUND,Y,,Y
408,7270.0,Red Light / Speed Camera,LANE COVE ROAD (NORTHBOUND) NORTH RYDE NORTHBOUND,,,Y
410,7270.0,Red Light / Speed Camera,LANE COVE ROAD (NORTHBOUND) NORTH RYDE NORTHBOUND,,,Y
430,7254.0,Red Light / Speed Camera,LANE COVE ROAD (SOUTHBOUND) NORTH RYDE SOUTHBOUND,,,Y
433,7254.0,Red Light / Speed Camera,LANE COVE ROAD (SOUTHBOUND) NORTH RYDE SOUTHBOUND,,,Y
441,7270.0,Red Light / Speed Camera,LANE COVE ROAD (NORTHBOUND) NORTH RYDE NORTHBOUND,,,Y
444,7270.0,Red Light / Speed Camera,LANE COVE ROAD (NORTHBOUND) NORTH RYDE NORTHBOUND,,,Y
446,7297.0,Red Light / Speed Camera,EPPING ROAD LANE COVE WESTBOUND,,,Y
449,7254.0,Red Light / Speed Camera,LANE COVE ROAD (SOUTHBOUND) NORTH RYDE SOUTHBOUND,Y,,Y
455,7270.0,Red Light / Speed Camera,LANE COVE ROAD (NORTHBOUND) NORTH RYDE NORTHBOUND,,,Y
460,7254.0,Red Light / Speed Camera,LANE COVE ROAD (SOUTHBOUND) NORTH RYDE SOUTHBOUND,,,Y
468,7297.0,Red Light / Speed Camera,EPPING ROAD LANE COVE WESTBOUND,,,Y
472,7254.0,Red Light / Speed Camera,LANE COVE ROAD (SOUTHBOUND) NORTH RYDE SOUTHBOUND,,,Y
476,7270.0,Red Light / Speed Camera,LANE COVE ROAD (NORTHBOUND) NORTH RYDE NORTHBOUND,,,Y
478,7270.0,Red Light / Speed Camera,LANE COVE ROAD (NORTHBOUND) NORTH RYDE NORTHBOUND,Y,,Y
493,7270.0,Red Light / Speed Camera,LANE COVE ROAD (NORTHBOUND) NORTH RYDE NORTHBOUND,,,Y
496,7297.0,Red Light / Speed Camera,EPPING ROAD LANE COVE WESTBOUND,,,Y
500,7254.0,Red Light / Speed Camera,LANE COVE ROAD (SOUTHBOUND) NORTH RYDE SOUTHBOUND,Y,,Y
502,7297.0,Red Light / Speed Camera,EPPING ROAD LANE COVE WESTBOUND,,,Y
506,7254.0,Red Light / Speed Camera,LANE COVE ROAD (SOUTHBOUND) NORTH RYDE SOUTHBOUND,,,Y
508,7270.0,Red Light / Speed Camera,LANE COVE ROAD (NORTHBOUND) NORTH RYDE NORTHBOUND,Y,,Y
514,7270.0,Red Light / Speed Camera,LANE COVE ROAD (NORTHBOUND) NORTH RYDE NORTHBOUND,,,Y
517,7297.0,Red Light / Speed Camera,EPPING ROAD LANE COVE WESTBOUND,,,Y
520,7270.0,Red Light / Speed Camera,LANE COVE ROAD (NORTHBOUND) NORTH RYDE NORTHBOUND,,,Y
523,7270.0,Red Light / Speed Camera,LANE COVE ROAD (NORTHBOUND) NORTH RYDE NORTHBOUND,Y,,Y
527,7254.0,Red Light / Speed Camera,LANE COVE ROAD (SOUTHBOUND) NORTH RYDE SOUTHBOUND,,,Y
529,7270.0,Red Light / Speed Camera,LANE COVE ROAD (NORTHBOUND) NORTH RYDE NORTHBOUND,,,Y
546,7270.0,Red Light / Speed Camera,LANE COVE ROAD (NORTHBOUND) NORTH RYDE NORTHBOUND,,,Y
547,7297.0,Red Light / Speed Camera,EPPING ROAD LANE COVE WESTBOUND,,,Y
550,7270.0,Red Light / Speed Camera,LANE COVE ROAD (NORTHBOUND) NORTH RYDE NORTHBOUND,Y,,Y
568,7254.0,Red Light / Speed Camera,LANE COVE ROAD (SOUTHBOUND) NORTH RYDE SOUTHBOUND,Y,,Y
579,7297.0,Red Light / Speed Camera,EPPING ROAD LANE COVE WESTBOUND,,,Y
582,7270.0,Red Light / Speed Camera,LANE COVE ROAD (NORTHBOUND) NORTH RYDE NORTHBOUND,Y,,Y
591,7254.0,Red Light / Speed Camera,LANE COVE ROAD (SOUTHBOUND) NORTH RYDE SOUTHBOUND,Y,,Y
593,7270.0,Red Light / Speed Camera,LANE COVE ROAD (NORTHBOUND) NORTH RYDE NORTHBOUND,,,Y
601,7254.0,Red Light / Speed Camera,LANE COVE ROAD (SOUTHBOUND) NORTH RYDE SOUTHBOUND,,,Y
602,7254.0,Red Light / Speed Camera,LANE COVE ROAD (SOUTHBOUND) NORTH RYDE SOUTHBOUND,,,Y
605,7254.0,Red Light / Speed Camera,LANE COVE ROAD (SOUTHBOUND) NORTH RYDE SOUTHBOUND,,,Y
609,7297.0,Red Light / Speed Camera,EPPING ROAD LANE COVE WESTBOUND,,,Y
611,7254.0,Red Light / Speed Camera,LANE COVE ROAD (SOUTHBOUND) NORTH RYDE SOUTHBOUND,,,Y
618,7254.0,Red Light / Speed Camera,LANE COVE ROAD (SOUTHBOUND) NORTH RYDE SOUTHBOUND,,,Y
620,7270.0,Red Light / Speed Camera,LANE COVE ROAD (NORTHBOUND) NORTH RYDE NORTHBOUND,,,Y
633,7270.0,Red Light / Speed Camera,LANE COVE ROAD (NORTHBOUND) NORTH RYDE NORTHBOUND,,,Y
644,7297.0,Red Light / Speed Camera,EPPING ROAD LANE COVE WESTBOUND,,,Y
646,7297.0,Red Light / Speed Camera,EPPING ROAD LANE COVE WESTBOUND,,,Y
657,7254.0,Red Light / Speed Camera,LANE COVE ROAD (SOUTHBOUND) NORTH RYDE SOUTHBOUND,Y,,Y
667,7270.0,Red Light / Speed Camera,LANE COVE ROAD (NORTHBOUND) NORTH RYDE NORTHBOUND,Y,,Y
672,7270.0,Red Light / Speed Camera,LANE COVE ROAD (NORTHBOUND) NORTH RYDE NORTHBOUND,,,Y
686,7270.0,Red Light / Speed Camera,LANE COVE ROAD (NORTHBOUND) NORTH RYDE NORTHBOUND,Y,,Y
690,7254.0,Red Light / Speed Camera,LANE COVE ROAD (SOUTHBOUND) NORTH RYDE SOUTHBOUND,Y,,Y
691,7254.0,Red Light / Speed Camera,LANE COVE ROAD (SOUTHBOUND) NORTH RYDE SOUTHBOUND,Y,,Y
693,7297.0,Red Light / Speed Camera,EPPING ROAD LANE COVE WESTBOUND,,,Y
704,7270.0,Red Light / Speed Camera,LANE COVE ROAD (NORTHBOUND) NORTH RYDE NORTHBOUND,,,Y
713,7270.0,Red Light / Speed Camera,LANE COVE ROAD (NORTHBOUND) NORTH RYDE NORTHBOUND,,,Y
721,7254.0,Red Light / Speed Camera,LANE COVE ROAD (SOUTHBOUND) NORTH RYDE SOUTHBOUND,,,Y
751,7270.0,Red Light / Speed Camera,LANE COVE ROAD (NORTHBOUND) NORTH RYDE NORTHBOUND,,,Y
782,7270.0,Red Light / Speed Camera,LANE COVE ROAD (NORTHBOUND) NORTH RYDE NORTHBOUND,,,Y
783,7270.0,Red Light / Speed Camera,LANE COVE ROAD (NORTHBOUND) NORTH RYDE NORTHBOUND,,,Y
784,7254.0,Red Light / Speed Camera,LANE COVE ROAD (SOUTHBOUND) NORTH RYDE SOUTHBOUND,,,Y
789,7270.0,Red Light / Speed Camera,LANE COVE ROAD (NORTHBOUND) NORTH RYDE NORTHBOUND,,,Y
791,7270.0,Red Light / Speed Camera,LANE COVE ROAD (NORTHBOUND) NORTH RYDE NORTHBOUND,,,Y
802,7270.0,Red Light / Speed Camera,LANE COVE ROAD (NORTHBOUND) NORTH RYDE NORTHBOUND,Y,,Y
806,7270.0,Red Light / Speed Camera,LANE COVE ROAD (NORTHBOUND) NORTH RYDE NORTHBOUND,,,Y
814,7270.0,Red Light / Speed Camera,LANE COVE ROAD (NORTHBOUND) NORTH RYDE NORTHBOUND,,,Y
815,7270.0,Red Light / Speed Camera,LANE COVE ROAD (NORTHBOUND) NORTH RYDE NORTHBOUND,,,Y
817,7270.0,Red Light / Speed Camera,LANE COVE ROAD (NORTHBOUND) NORTH RYDE NORTHBOUND,,,Y
825,7270.0,Red Light / Speed Camera,LANE COVE ROAD (NORTHBOUND) NORTH RYDE NORTHBOUND,,,Y
829,7297.0,Red Light / Speed Camera,EPPING ROAD LANE COVE WESTBOUND,,,Y
833,7297.0,Red Light / Speed Camera,EPPING ROAD LANE COVE WESTBOUND,,,Y
840,7297.0,Red Light / Speed Camera,EPPING ROAD LANE COVE WESTBOUND,,,Y
844,7254.0,Red Light / Speed Camera,LANE COVE ROAD (SOUTHBOUND) NORTH RYDE SOUTHBOUND,,,Y
846,7297.0,Red Light / Speed Camera,EPPING ROAD LANE COVE WESTBOUND,,,Y
869,7254.0,Red Light / Speed Camera,LANE COVE ROAD (SOUTHBOUND) NORTH RYDE SOUTHBOUND,,,Y
891,7297.0,Red Light / Speed Camera,EPPING ROAD LANE COVE WESTBOUND,,,Y
894,7270.0,Red Light / Speed Camera,LANE COVE ROAD (NORTHBOUND) NORTH RYDE NORTHBOUND,,,Y
896,7270.0,Red Light / Speed Camera,LANE COVE ROAD (NORTHBOUND) NORTH RYDE NORTHBOUND,,,Y
906,7297.0,Red Light / Speed Camera,EPPING ROAD LANE COVE WESTBOUND,,,Y
925,7270.0,Red Light / Speed Camera,LANE COVE ROAD (NORTHBOUND) NORTH RYDE NORTHBOUND,,,Y
937,7270.0,Red Light / Speed Camera,LANE COVE ROAD (NORTHBOUND) NORTH RYDE NORTHBOUND,,,Y
954,7270.0,Red Light / Speed Camera,LANE COVE ROAD (NORTHBOUND) NORTH RYDE NORTHBOUND,Y,,Y
958,7297.0,Red Light / Speed Camera,EPPING ROAD LANE COVE WESTBOUND,,,Y
965,7297.0,Red Light / Speed Camera,EPPING ROAD LANE COVE WESTBOUND,,,Y
977,7297.0,Red Light / Speed Camera,EPPING ROAD LANE COVE WESTBOUND,,,Y
979,7270.0,Red Light / Speed Camera,LANE COVE ROAD (NORTHBOUND) NORTH RYDE NORTHBOUND,,,Y
981,7270.0,Red Light / Speed Camera,LANE COVE ROAD (NORTHBOUND) NORTH RYDE NORTHBOUND,Y,,Y
985,7254.0,Red Light / Speed Camera,LANE COVE ROAD (SOUTHBOUND) NORTH RYDE SOUTHBOUND,,,Y
989,7297.0,Red Light / Speed Camera,EPPING ROAD LANE COVE WESTBOUND,,,Y
994,7297.0,Red Light / Speed Camera,EPPING ROAD LANE COVE WESTBOUND,,,Y
1012,7254.0,Red Light / Speed Camera,LANE COVE ROAD (SOUTHBOUND) NORTH RYDE SOUTHBOUND,,,Y
1013,7270.0,Red Light / Speed Camera,LANE COVE ROAD (NORTHBOUND) NORTH RYDE NORTHBOUND,,,Y
1019,7254.0,Red Light / Speed Camera,LANE COVE ROAD (SOUTHBOUND) NORTH RYDE SOUTHBOUND,,,Y
1026,7270.0,Red Light / Speed Camera,LANE COVE ROAD (NORTHBOUND) NORTH RYDE NORTHBOUND,,,Y
1029,7254.0,Red Light / Speed Camera,LANE COVE ROAD (SOUTHBOUND) NORTH RYDE SOUTHBOUND,Y,,Y
1034,7254.0,Red Light / Speed Camera,LANE COVE ROAD (SOUTHBOUND) NORTH RYDE SOUTHBOUND,,,Y
1043,7254.0,Red Light / Speed Camera,LANE COVE ROAD (SOUTHBOUND) NORTH RYDE SOUTHBOUND,,,Y
1064,7270.0,Red Light / Speed Camera,LANE COVE ROAD (NORTHBOUND) NORTH RYDE NORTHBOUND,Y,,Y
1080,7270.0,Red Light / Speed Camera,LANE COVE ROAD (NORTHBOUND) NORTH RYDE NORTHBOUND,,,Y
1086,7254.0,Red Light / Speed Camera,LANE COVE ROAD (SOUTHBOUND) NORTH RYDE SOUTHBOUND,Y,,Y
1090,7297.0,Red Light / Speed Camera,EPPING ROAD LANE COVE WESTBOUND,,,Y
1098,7270.0,Red Light / Speed Camera,LANE COVE ROAD (NORTHBOUND) NORTH RYDE NORTHBOUND,,,Y
1104,7270.0,Red Light / Speed Camera,LANE COVE ROAD (NORTHBOUND) NORTH RYDE NORTHBOUND,Y,,Y
1106,7270.0,Red Light / Speed Camera,LANE COVE ROAD (NORTHBOUND) NORTH RYDE NORTHBOUND,,,Y
1108,7254.0,Red Light / Speed Camera,LANE COVE ROAD (SOUTHBOUND) NORTH RYDE SOUTHBOUND,,,Y
1112,7270.0,Red Light / Speed Camera,LANE COVE ROAD (NORTHBOUND) NORTH RYDE NORTHBOUND,Y,,Y
1113,7297.0,Red Light / Speed Camera,EPPING ROAD LANE COVE WESTBOUND,,,Y
1128,7270.0,Red Light / Speed Camera,LANE COVE ROAD (NORTHBOUND) NORTH RYDE NORTHBOUND,,,Y
1145,7297.0,Red Light / Speed Camera,EPPING ROAD LANE COVE WESTBOUND,,,Y
1149,7297.0,Red Light / Speed Camera,EPPING ROAD LANE COVE WESTBOUND,,,Y
1152,7254.0,Red Light / Speed Camera,LANE COVE ROAD (SOUTHBOUND) NORTH RYDE SOUTHBOUND,,,Y
1159,7297.0,Red Light / Speed Camera,EPPING ROAD LANE COVE WESTBOUND,,,Y
1162,7270.0,Red Light / Speed Camera,LANE COVE ROAD (NORTHBOUND) NORTH RYDE NORTHBOUND,,,Y
1195,7270.0,Red Light / Speed Camera,LANE COVE ROAD (NORTHBOUND) NORTH RYDE NORTHBOUND,Y,,Y
1203,7270.0,Red Light / Speed Camera,LANE COVE ROAD (NORTHBOUND) NORTH RYDE NORTHBOUND,Y,,Y
1222,7297.0,Red Light / Speed Camera,EPPING ROAD LANE COVE WESTBOUND,,,Y
1225,7254.0,Red Light / Speed Camera,LANE COVE ROAD (SOUTHBOUND) NORTH RYDE SOUTHBOUND,Y,,Y
1234,7270.0,Red Light / Speed Camera,LANE COVE ROAD (NORTHBOUND) NORTH RYDE NORTHBOUND,Y,,Y
1250,7270.0,Red Light / Speed Camera,LANE COVE ROAD (NORTHBOUND) NORTH RYDE NORTHBOUND,,,Y
1253,7270.0,Red Light / Speed Camera,LANE COVE ROAD (NORTHBOUND) NORTH RYDE NORTHBOUND,Y,,Y
1265,7297.0,Red Light / Speed Camera,EPPING ROAD LANE COVE WESTBOUND,,,Y
1267,7270.0,Red Light / Speed Camera,LANE COVE ROAD (NORTHBOUND) NORTH RYDE NORTHBOUND,,,Y
1277,7297.0,Red Light / Speed Camera,EPPING ROAD LANE COVE WESTBOUND,,,Y
1280,7297.0,Red Light / Speed Camera,EPPING ROAD LANE COVE WESTBOUND,,,Y
1282,7270.0,Red Light / Speed Camera,LANE COVE ROAD (NORTHBOUND) NORTH RYDE NORTHBOUND,,,Y
1298,7254.0,Red Light / Speed Camera,LANE COVE ROAD (SOUTHBOUND) NORTH RYDE SOUTHBOUND,,,Y
1309,7270.0,Red Light / Speed Camera,LANE COVE ROAD (NORTHBOUND) NORTH RYDE NORTHBOUND,Y,,Y
1311,7254.0,Red Light / Speed Camera,LANE COVE ROAD (SOUTHBOUND) NORTH RYDE SOUTHBOUND,,,Y
1312,7254.0,Red Light / Speed Camera,LANE COVE ROAD (SOUTHBOUND) NORTH RYDE SOUTHBOUND,Y,,Y
1320,7254.0,Red Light / Speed Camera,LANE COVE ROAD (SOUTHBOUND) NORTH RYDE SOUTHBOUND,,,Y
1322,7270.0,Red Light / Speed Camera,LANE COVE ROAD (NORTHBOUND) NORTH RYDE NORTHBOUND,,,Y
1324,7270.0,Red Light / Speed Camera,LANE COVE ROAD (NORTHBOUND) NORTH RYDE NORTHBOUND,,,Y
1326,7270.0,Red Light / Speed Camera,LANE COVE ROAD (NORTHBOUND) NORTH RYDE NORTHBOUND,,,Y
1333,7297.0,Red Light / Speed Camera,EPPING ROAD LANE COVE WESTBOUND,,,Y
1335,7297.0,Red Light / Speed Camera,EPPING ROAD LANE COVE WESTBOUND,,,Y
1342,7270.0,Red Light / Speed Camera,LANE COVE ROAD (NORTHBOUND) NORTH RYDE NORTHBOUND,Y,,Y
1354,7270.0,Red Light / Speed Camera,LANE COVE ROAD (NORTHBOUND) NORTH RYDE NORTHBOUND,,,Y
1361,7270.0,Red Light / Speed Camera,LANE COVE ROAD (NORTHBOUND) NORTH RYDE NORTHBOUND,,,Y
1375,7270.0,Red Light / Speed Camera,LANE COVE ROAD (NORTHBOUND) NORTH RYDE NORTHBOUND,,,Y
1377,7270.0,Red Light / Speed Camera,LANE COVE ROAD (NORTHBOUND) NORTH RYDE NORTHBOUND,,,Y
1389,7297.0,Red Light / Speed Camera,EPPING ROAD LANE COVE WESTBOUND,,,Y
1391,7270.0,Red Light / Speed Camera,LANE COVE ROAD (NORTHBOUND) NORTH RYDE NORTHBOUND,,,Y
1393,7254.0,Red Light / Speed Camera,LANE COVE ROAD (SOUTHBOUND) NORTH RYDE SOUTHBOUND,,,Y
1403,7297.0,Red Light / Speed Camera,EPPING ROAD LANE COVE WESTBOUND,,,Y
1404,7254.0,Red Light / Speed Camera,LANE COVE ROAD (SOUTHBOUND) NORTH RYDE SOUTHBOUND,Y,,Y
1405,7270.0,Red Light / Speed Camera,LANE COVE ROAD (NORTHBOUND) NORTH RYDE NORTHBOUND,,,Y
1413,7297.0,Red Light / Speed Camera,EPPING ROAD LANE COVE WESTBOUND,,,Y
1416,7270.0,Red Light / Speed Camera,LANE COVE ROAD (NORTHBOUND) NORTH RYDE NORTHBOUND,,,Y
1418,7254.0,Red Light / Speed Camera,LANE COVE ROAD (SOUTHBOUND) NORTH RYDE SOUTHBOUND,,,Y
1424,7254.0,Red Light / Speed Camera,LANE COVE ROAD (SOUTHBOUND) NORTH RYDE SOUTHBOUND,,,Y
1431,7270.0,Red Light / Speed Camera,LANE COVE ROAD (NORTHBOUND) NORTH RYDE NORTHBOUND,,,Y
1439,7297.0,Red Light / Speed Camera,EPPING ROAD LANE COVE WESTBOUND,,,Y
1440,7254.0,Red Light / Speed Camera,LANE COVE ROAD (SOUTHBOUND) NORTH RYDE SOUTHBOUND,,,Y
1465,7270.0,Red Light / Speed Camera,LANE COVE ROAD (NORTHBOUND) NORTH RYDE NORTHBOUND,,,Y
1477,7254.0,Red Light / Speed Camera,LANE COVE ROAD (SOUTHBOUND) NORTH RYDE SOUTHBOUND,Y,,Y
1485,7297.0,Red Light / Speed Camera,EPPING ROAD LANE COVE WESTBOUND,,,Y
1494,7270.0,Red Light / Speed Camera,LANE COVE ROAD (NORTHBOUND) NORTH RYDE NORTHBOUND,Y,,Y
1512,7297.0,Red Light / Speed Camera,EPPING ROAD LANE COVE WESTBOUND,,,Y
1516,7297.0,Red Light / Speed Camera,EPPING ROAD LANE COVE WESTBOUND,,,Y
1518,7254.0,Red Light / Speed Camera,LANE COVE ROAD (SOUTHBOUND) NORTH RYDE SOUTHBOUND,,,Y
1521,7270.0,Red Light / Speed Camera,LANE COVE ROAD (NORTHBOUND) NORTH RYDE NORTHBOUND,,,Y
1522,7297.0,Red Light / Speed Camera,EPPING ROAD LANE COVE WESTBOUND,,,Y
1532,7270.0,Red Light / Speed Camera,LANE COVE ROAD (NORTHBOUND) NORTH RYDE NORTHBOUND,Y,,Y
1534,7270.0,Red Light / Speed Camera,LANE COVE ROAD (NORTHBOUND) NORTH RYDE NORTHBOUND,Y,,Y
1535,7270.0,Red Light / Speed Camera,LANE COVE ROAD (NORTHBOUND) NORTH RYDE NORTHBOUND,,,Y
1551,7270.0,Red Light / Speed Camera,LANE COVE ROAD (NORTHBOUND) NORTH RYDE NORTHBOUND,Y,,Y
1554,7254.0,Red Light / Speed Camera,LANE COVE ROAD (SOUTHBOUND) NORTH RYDE SOUTHBOUND,,,Y
1557,7254.0,Red Light / Speed Camera,LANE COVE ROAD (SOUTHBOUND) NORTH RYDE SOUTHBOUND,,,Y
1559,7270.0,Red Light / Speed Camera,LANE COVE ROAD (NORTHBOUND) NORTH RYDE NORTHBOUND,Y,,Y
1562,7270.0,Red Light / Speed Camera,LANE COVE ROAD (NORTHBOUND) NORTH RYDE NORTHBOUND,,,Y
1563,7297.0,Red Light / Speed Camera,EPPING ROAD LANE COVE WESTBOUND,,,Y
1566,7270.0,Red Light / Speed Camera,LANE COVE ROAD (NORTHBOUND) NORTH RYDE NORTHBOUND,Y,,Y
1582,7270.0,Red Light / Speed Camera,LANE COVE ROAD (NORTHBOUND) NORTH RYDE NORTHBOUND,,,Y
1584,7270.0,Red Light / Speed Camera,LANE COVE ROAD (NORTHBOUND) NORTH RYDE NORTHBOUND,,,Y
1593,7270.0,Red Light / Speed Camera,LANE COVE ROAD (NORTHBOUND) NORTH RYDE NORTHBOUND,,,Y
1606,7297.0,Red Light / Speed Camera,EPPING ROAD LANE COVE WESTBOUND,,,Y
1615,7270.0,Red Light / Speed Camera,LANE COVE ROAD (NORTHBOUND) NORTH RYDE NORTHBOUND,Y,,Y
1621,7254.0,Red Light / Speed Camera,LANE COVE ROAD (SOUTHBOUND) NORTH RYDE SOUTHBOUND,Y,,Y
1623,7254.0,Red Light / Speed Camera,LANE COVE ROAD (SOUTHBOUND) NORTH RYDE SOUTHBOUND,,,Y
1642,7270.0,Red Light / Speed Camera,LANE COVE ROAD (NORTHBOUND) NORTH RYDE NORTHBOUND,Y,,Y
1656,7297.0,Red Light / Speed Camera,EPPING ROAD LANE COVE WESTBOUND,,,Y
1657,7270.0,Red Light / Speed Camera,LANE COVE ROAD (NORTHBOUND) NORTH RYDE NORTHBOUND,Y,,Y
1662,7297.0,Red Light / Speed Camera,EPPING ROAD LANE COVE WESTBOUND,,,Y
1672,7270.0,Red Light / Speed Camera,LANE COVE ROAD (NORTHBOUND) NORTH RYDE NORTHBOUND,Y,,Y
1676,7254.0,Red Light / Speed Camera,LANE COVE ROAD (SOUTHBOUND) NORTH RYDE SOUTHBOUND,,,Y
1690,7297.0,Red Light / Speed Camera,EPPING ROAD LANE COVE WESTBOUND,,,Y
1700,7270.0,Red Light / Speed Camera,LANE COVE ROAD (NORTHBOUND) NORTH RYDE NORTHBOUND,Y,,Y
1708,7254.0,Red Light / Speed Camera,LANE COVE ROAD (SOUTHBOUND) NORTH RYDE SOUTHBOUND,,,Y
1711,7254.0,Red Light / Speed Camera,LANE COVE ROAD (SOUTHBOUND) NORTH RYDE SOUTHBOUND,,,Y
1723,7270.0,Red Light / Speed Camera,LANE COVE ROAD (NORTHBOUND) NORTH RYDE NORTHBOUND,,,Y
1725,7297.0,Red Light / Speed Camera,EPPING ROAD LANE COVE WESTBOUND,,,Y
1742,7270.0,Red Light / Speed Camera,LANE COVE ROAD (NORTHBOUND) NORTH RYDE NORTHBOUND,,,Y
1743,7297.0,Red Light / Speed Camera,EPPING ROAD LANE COVE WESTBOUND,,,Y
1759,7254.0,Red Light / Speed Camera,LANE COVE ROAD (SOUTHBOUND) NORTH RYDE SOUTHBOUND,,,Y
1776,7297.0,Red Light / Speed Camera,EPPING ROAD LANE COVE WESTBOUND,,,Y
1782,7254.0,Red Light / Speed Camera,LANE COVE ROAD (SOUTHBOUND) NORTH RYDE SOUTHBOUND,Y,,Y
1785,7270.0,Red Light / Speed Camera,LANE COVE ROAD (NORTHBOUND) NORTH RYDE NORTHBOUND,,,Y
1789,7254.0,Red Light / Speed Camera,LANE COVE ROAD (SOUTHBOUND) NORTH RYDE SOUTHBOUND,Y,,Y
1794,7270.0,Red Light / Speed Camera,LANE COVE ROAD (NORTHBOUND) NORTH RYDE NORTHBOUND,Y,,Y
1795,7297.0,Red Light / Speed Camera,EPPING ROAD LANE COVE WESTBOUND,,,Y
1814,7254.0,Red Light / Speed Camera,LANE COVE ROAD (SOUTHBOUND) NORTH RYDE SOUTHBOUND,,,Y
1826,7270.0,Red Light / Speed Camera,LANE COVE ROAD (NORTHBOUND) NORTH RYDE NORTHBOUND,,,Y
1827,7254.0,Red Light / Speed Camera,LANE COVE ROAD (SOUTHBOUND) NORTH RYDE SOUTHBOUND,,,Y
1829,7297.0,Red Light / Speed Camera,EPPING ROAD LANE COVE WESTBOUND,,,Y
1832,7297.0,Red Light / Speed Camera,EPPING ROAD LANE COVE WESTBOUND,,,Y
1833,7254.0,Red Light / Speed Camera,LANE COVE ROAD (SOUTHBOUND) NORTH RYDE SOUTHBOUND,,,Y
1836,7254.0,Red Light / Speed Camera,LANE COVE ROAD (SOUTHBOUND) NORTH RYDE SOUTHBOUND,,,Y
1838,7270.0,Red Light / Speed Camera,LANE COVE ROAD (NORTHBOUND) NORTH RYDE NORTHBOUND,Y,,Y
1839,7270.0,Red Light / Speed Camera,LANE COVE ROAD (NORTHBOUND) NORTH RYDE NORTHBOUND,Y,,Y
1842,7254.0,Red Light / Speed Camera,LANE COVE ROAD (SOUTHBOUND) NORTH RYDE SOUTHBOUND,,,Y
1846,7254.0,Red Light / Speed Camera,LANE COVE ROAD (SOUTHBOUND) NORTH RYDE SOUTHBOUND,,,Y
1847,7270.0,Red Light / Speed Camera,LANE COVE ROAD (NORTHBOUND) NORTH RYDE NORTHBOUND,Y,,Y
1848,7297.0,Red Light / Speed Camera,EPPING ROAD LANE COVE WESTBOUND,,,Y
1858,7254.0,Red Light / Speed Camera,LANE COVE ROAD (SOUTHBOUND) NORTH RYDE SOUTHBOUND,,,Y
1862,7270.0,Red Light / Speed Camera,LANE COVE ROAD (NORTHBOUND) NORTH RYDE NORTHBOUND,,,Y
1863,7270.0,Red Light / Speed Camera,LANE COVE ROAD (NORTHBOUND) NORTH RYDE NORTHBOUND,Y,,Y
1875,7270.0,Red Light / Speed Camera,LANE COVE ROAD (NORTHBOUND) NORTH RYDE NORTHBOUND,Y,,Y
1877,7270.0,Red Light / Speed Camera,LANE COVE ROAD (NORTHBOUND) NORTH RYDE NORTHBOUND,,,Y
1878,7297.0,Red Light / Speed Camera,EPPING ROAD LANE COVE WESTBOUND,,,Y
1880,7270.0,Red Light / Speed Camera,LANE COVE ROAD (NORTHBOUND) NORTH RYDE NORTHBOUND,Y,,Y
1886,7270.0,Red Light / Speed Camera,LANE COVE ROAD (NORTHBOUND) NORTH RYDE NORTHBOUND,,,Y
1899,7297.0,Red Light / Speed Camera,EPPING ROAD LANE COVE WESTBOUND,,,Y
1903,7297.0,Red Light / Speed Camera,EPPING ROAD LANE COVE WESTBOUND,,,Y
1910,7254.0,Red Light / Speed Camera,LANE COVE ROAD (SOUTHBOUND) NORTH RYDE SOUTHBOUND,,,Y
1913,7270.0,Red Light / Speed Camera,LANE COVE ROAD (NORTHBOUND) NORTH RYDE NORTHBOUND,Y,,Y
1918,7297.0,Red Light / Speed Camera,EPPING ROAD LANE COVE WESTBOUND,,,Y
1920,7254.0,Red Light / Speed Camera,LANE COVE ROAD (SOUTHBOUND) NORTH RYDE SOUTHBOUND,Y,,Y
1925,7297.0,Red Light / Speed Camera,EPPING ROAD LANE COVE WESTBOUND,,,Y
1932,7297.0,Red Light / Speed Camera,EPPING ROAD LANE COVE WESTBOUND,,,Y
1941,7254.0,Red Light / Speed Camera,LANE COVE ROAD (SOUTHBOUND) NORTH RYDE SOUTHBOUND,,,Y
1952,7254.0,Red Light / Speed Camera,LANE COVE ROAD (SOUTHBOUND) NORTH RYDE SOUTHBOUND,,,Y
1960,7270.0,Red Light / Speed Camera,LANE COVE ROAD (NORTHBOUND) NORTH RYDE NORTHBOUND,,,Y
1981,7254.0,Red Light / Speed Camera,LANE COVE ROAD (SOUTHBOUND) NORTH RYDE SOUTHBOUND,,,Y
1985,7297.0,Red Light / Speed Camera,EPPING ROAD LANE COVE WESTBOUND,,,Y
1995,7254.0,Red Light / Speed Camera,LANE COVE ROAD (SOUTHBOUND) NORTH RYDE SOUTHBOUND,,,Y
1997,7297.0,Red Light / Speed Camera,EPPING ROAD LANE COVE WESTBOUND,,,Y
2001,7254.0,Red Light / Speed Camera,LANE COVE ROAD (SOUTHBOUND) NORTH RYDE SOUTHBOUND,,,Y
2007,7254.0,Red Light / Speed Camera,LANE COVE ROAD (SOUTHBOUND) NORTH RYDE SOUTHBOUND,,,Y
2016,7297.0,Red Light / Speed Camera,EPPING ROAD LANE COVE WESTBOUND,,,Y
2018,7254.0,Red Light / Speed Camera,LANE COVE ROAD (SOUTHBOUND) NORTH RYDE SOUTHBOUND,,,Y
2024,7270.0,Red Light / Speed Camera,LANE COVE ROAD (NORTHBOUND) NORTH RYDE NORTHBOUND,,,Y
2027,7254.0,Red Light / Speed Camera,LANE COVE ROAD (SOUTHBOUND) NORTH RYDE SOUTHBOUND,Y,,Y
2038,7297.0,Red Light / Speed Camera,EPPING ROAD LANE COVE WESTBOUND,,,Y
2055,7254.0,Red Light / Speed Camera,LANE COVE ROAD (SOUTHBOUND) NORTH RYDE SOUTHBOUND,,,Y
2059,7254.0,Red Light / Speed Camera,LANE COVE ROAD (SOUTHBOUND) NORTH RYDE SOUTHBOUND,,,Y
2060,7270.0,Red Light / Speed Camera,LANE COVE ROAD (NORTHBOUND) NORTH RYDE NORTHBOUND,,,Y
2070,7270.0,Red Light / Speed Camera,LANE COVE ROAD (NORTHBOUND) NORTH RYDE NORTHBOUND,,,Y
2072,7254.0,Red Light / Speed Camera,LANE COVE ROAD (SOUTHBOUND) NORTH RYDE SOUTHBOUND,Y,,Y
2088,7297.0,Red Light / Speed Camera,EPPING ROAD LANE COVE WESTBOUND,,,Y
2114,7254.0,Red Light / Speed Camera,LANE COVE ROAD (SOUTHBOUND) NORTH RYDE SOUTHBOUND,,,Y
2115,7254.0,Red Light / Speed Camera,LANE COVE ROAD (SOUTHBOUND) NORTH RYDE SOUTHBOUND,Y,,Y
2116,7254.0,Red Light / Speed Camera,LANE COVE ROAD (SOUTHBOUND) NORTH RYDE SOUTHBOUND,,,Y
2126,7254.0,Red Light / Speed Camera,LANE COVE ROAD (SOUTHBOUND) NORTH RYDE SOUTHBOUND,Y,,Y
2136,7254.0,Red Light / Speed Camera,LANE COVE ROAD (SOUTHBOUND) NORTH RYDE SOUTHBOUND,,,Y
2138,7297.0,Red Light / Speed Camera,EPPING ROAD LANE COVE WESTBOUND,,,Y
2141,7297.0,Red Light / Speed Camera,EPPING ROAD LANE COVE WESTBOUND,,,Y
2146,7270.0,Red Light / Speed Camera,LANE COVE ROAD (NORTHBOUND) NORTH RYDE NORTHBOUND,Y,,Y
2149,7270.0,Red Light / Speed Camera,LANE COVE ROAD (NORTHBOUND) NORTH RYDE NORTHBOUND,Y,,Y
2160,7270.0,Red Light / Speed Camera,LANE COVE ROAD (NORTHBOUND) NORTH RYDE NORTHBOUND,,,Y
2163,7297.0,Red Light / Speed Camera,EPPING ROAD LANE COVE WESTBOUND,,,Y
2171,7270.0,Red Light / Speed Camera,LANE COVE ROAD (NORTHBOUND) NORTH RYDE NORTHBOUND,,,Y
2174,7254.0,Red Light / Speed Camera,LANE COVE ROAD (SOUTHBOUND) NORTH RYDE SOUTHBOUND,,,Y
2176,7254.0,Red Light / Speed Camera,LANE COVE ROAD (SOUTHBOUND) NORTH RYDE SOUTHBOUND,,,Y
2177,7254.0,Red Light / Speed Camera,LANE COVE ROAD (SOUTHBOUND) NORTH RYDE SOUTHBOUND,,,Y
2185,7254.0,Red Light / Speed Camera,LANE COVE ROAD (SOUTHBOUND) NORTH RYDE SOUTHBOUND,,,Y
2197,7254.0,Red Light / Speed Camera,LANE COVE ROAD (SOUTHBOUND) NORTH RYDE SOUTHBOUND,,,Y
2200,7270.0,Red Light / Speed Camera,LANE COVE ROAD (NORTHBOUND) NORTH RYDE NORTHBOUND,Y,,Y
2205,7254.0,Red Light / Speed Camera,LANE COVE ROAD (SOUTHBOUND) NORTH RYDE SOUTHBOUND,,,Y
2206,7254.0,Red Light / Speed Camera,LANE COVE ROAD (SOUTHBOUND) NORTH RYDE SOUTHBOUND,,,Y
2217,7254.0,Red Light / Speed Camera,LANE COVE ROAD (SOUTHBOUND) NORTH RYDE SOUTHBOUND,,,Y
2226,7270.0,Red Light / Speed Camera,LANE COVE ROAD (NORTHBOUND) NORTH RYDE NORTHBOUND,,,Y
2227,7270.0,Red Light / Speed Camera,LANE COVE ROAD (NORTHBOUND) NORTH RYDE NORTHBOUND,,,Y
2243,7270.0,Red Light / Speed Camera,LANE COVE ROAD (NORTHBOUND) NORTH RYDE NORTHBOUND,,,Y
2248,7270.0,Red Light / Speed Camera,LANE COVE ROAD (NORTHBOUND) NORTH RYDE NORTHBOUND,Y,,Y
2249,7254.0,Red Light / Speed Camera,LANE COVE ROAD (SOUTHBOUND) NORTH RYDE SOUTHBOUND,,,Y
2250,7297.0,Red Light / Speed Camera,EPPING ROAD LANE COVE WESTBOUND,,,Y
2259,7270.0,Red Light / Speed Camera,LANE COVE ROAD (NORTHBOUND) NORTH RYDE NORTHBOUND,Y,,Y
2272,7270.0,Red Light / Speed Camera,LANE COVE ROAD (NORTHBOUND) NORTH RYDE NORTHBOUND,Y,,Y
2274,7254.0,Red Light / Speed Camera,LANE COVE ROAD (SOUTHBOUND) NORTH RYDE SOUTHBOUND,Y,,Y
2277,7297.0,Red Light / Speed Camera,EPPING ROAD LANE COVE WESTBOUND,,,Y
2280,7270.0,Red Light / Speed Camera,LANE COVE ROAD (NORTHBOUND) NORTH RYDE NORTHBOUND,,,Y
2283,7270.0,Red Light / Speed Camera,LANE COVE ROAD (NORTHBOUND) NORTH RYDE NORTHBOUND,,,Y
2285,7270.0,Red Light / Speed Camera,LANE COVE ROAD (NORTHBOUND) NORTH RYDE NORTHBOUND,Y,,Y
2286,7254.0,Red Light / Speed Camera,LANE COVE ROAD (SOUTHBOUND) NORTH RYDE SOUTHBOUND,,,Y
2300,7297.0,Red Light / Speed Camera,EPPING ROAD LANE COVE WESTBOUND,,,Y
2306,7297.0,Red Light / Speed Camera,EPPING ROAD LANE COVE WESTBOUND,,,Y
2309,7297.0,Red Light / Speed Camera,EPPING ROAD LANE COVE WESTBOUND,,,Y
2312,7254.0,Red Light / Speed Camera,LANE COVE ROAD (SOUTHBOUND) NORTH RYDE SOUTHBOUND,Y,,Y
2318,7297.0,Red Light / Speed Camera,EPPING ROAD LANE COVE WESTBOUND,,,Y
2325,7270.0,Red Light / Speed Camera,LANE COVE ROAD (NORTHBOUND) NORTH RYDE NORTHBOUND,,,Y
2327,7254.0,Red Light / Speed Camera,LANE COVE ROAD (SOUTHBOUND) NORTH RYDE SOUTHBOUND,,,Y
2334,7270.0,Red Light / Speed Camera,LANE COVE ROAD (NORTHBOUND) NORTH RYDE NORTHBOUND,,,Y
2343,7297.0,Red Light / Speed Camera,EPPING ROAD LANE COVE WESTBOUND,,,Y
2349,7270.0,Red Light / Speed Camera,LANE COVE ROAD (NORTHBOUND) NORTH RYDE NORTHBOUND,Y,,Y
2353,7297.0,Red Light / Speed Camera,EPPING ROAD LANE COVE WESTBOUND,,,Y
2356,7270.0,Red Light / Speed Camera,LANE COVE ROAD (NORTHBOUND) NORTH RYDE NORTHBOUND,,,Y
2359,7254.0,Red Light / Speed Camera,LANE COVE ROAD (SOUTHBOUND) NORTH RYDE SOUTHBOUND,,,Y
2363,7270.0,Red Light / Speed Camera,LANE COVE ROAD (NORTHBOUND) NORTH RYDE NORTHBOUND,,,Y
2365,7270.0,Red Light / Speed Camera,LANE COVE ROAD (NORTHBOUND) NORTH RYDE NORTHBOUND,,,Y
2369,7270.0,Red Light / Speed Camera,LANE COVE ROAD (NORTHBOUND) NORTH RYDE NORTHBOUND,,,Y
2370,7254.0,Red Light / Speed Camera,LANE COVE ROAD (SOUTHBOUND) NORTH RYDE SOUTHBOUND,Y,,Y
2375,7270.0,Red Light / Speed Camera,LANE COVE ROAD (NORTHBOUND) NORTH RYDE NORTHBOUND,Y,,Y
2381,7270.0,Red Light / Speed Camera,LANE COVE ROAD (NORTHBOUND) NORTH RYDE NORTHBOUND,,,Y
2383,7270.0,Red Light / Speed Camera,LANE COVE ROAD (NORTHBOUND) NORTH RYDE NORTHBOUND,,,Y
2409,7297.0,Red Light / Speed Camera,EPPING ROAD LANE COVE WESTBOUND,,,Y
2413,7270.0,Red Light / Speed Camera,LANE COVE ROAD (NORTHBOUND) NORTH RYDE NORTHBOUND,,,Y
2420,7254.0,Red Light / Speed Camera,LANE COVE ROAD (SOUTHBOUND) NORTH RYDE SOUTHBOUND,Y,,Y
2422,7297.0,Red Light / Speed Camera,EPPING ROAD LANE COVE WESTBOUND,,,Y
2426,7297.0,Red Light / Speed Camera,EPPING ROAD LANE COVE WESTBOUND,,,Y
2433,7254.0,Red Light / Speed Camera,LANE COVE ROAD (SOUTHBOUND) NORTH RYDE SOUTHBOUND,,,Y
2439,7254.0,Red Light / Speed Camera,LANE COVE ROAD (SOUTHBOUND) NORTH RYDE SOUTHBOUND,,,Y
2444,7270.0,Red Light / Speed Camera,LANE COVE ROAD (NORTHBOUND) NORTH RYDE NORTHBOUND,,,Y
2466,7254.0,Red Light / Speed Camera,LANE COVE ROAD (SOUTHBOUND) NORTH RYDE SOUTHBOUND,Y,,Y
2469,7270.0,Red Light / Speed Camera,LANE COVE ROAD (NORTHBOUND) NORTH RYDE NORTHBOUND,,,Y
2471,7270.0,Red Light / Speed Camera,LANE COVE ROAD (NORTHBOUND) NORTH RYDE NORTHBOUND,,,Y
2473,7254.0,Red Light / Speed Camera,LANE COVE ROAD (SOUTHBOUND) NORTH RYDE SOUTHBOUND,,,Y
2490,7297.0,Red Light / Speed Camera,EPPING ROAD LANE COVE WESTBOUND,,,Y
2495,7254.0,Red Light / Speed Camera,LANE COVE ROAD (SOUTHBOUND) NORTH RYDE SOUTHBOUND,,,Y
2496,7254.0,Red Light / Speed Camera,LANE COVE ROAD (SOUTHBOUND) NORTH RYDE SOUTHBOUND,,,Y
2499,7254.0,Red Light / Speed Camera,LANE COVE ROAD (SOUTHBOUND) NORTH RYDE SOUTHBOUND,Y,,Y
2519,7254.0,Red Light / Speed Camera,LANE COVE ROAD (SOUTHBOUND) NORTH RYDE SOUTHBOUND,Y,,Y
2529,7254.0,Red Light / Speed Camera,LANE COVE ROAD (SOUTHBOUND) NORTH RYDE SOUTHBOUND,Y,,Y
2536,7270.0,Red Light / Speed Camera,LANE COVE ROAD (NORTHBOUND) NORTH RYDE NORTHBOUND,,,Y
2566,7254.0,Red Light / Speed Camera,LANE COVE ROAD (SOUTHBOUND) NORTH RYDE SOUTHBOUND,,,Y
2568,7297.0,Red Light / Speed Camera,EPPING ROAD LANE COVE WESTBOUND,,,Y
2585,7297.0,Red Light / Speed Camera,EPPING ROAD LANE COVE WESTBOUND,,,Y
2586,7254.0,Red Light / Speed Camera,LANE COVE ROAD (SOUTHBOUND) NORTH RYDE SOUTHBOUND,,,Y
2601,7270.0,Red Light / Speed Camera,LANE COVE ROAD (NORTHBOUND) NORTH RYDE NORTHBOUND,Y,,Y
2609,7270.0,Red Light / Speed Camera,LANE COVE ROAD (NORTHBOUND) NORTH RYDE NORTHBOUND,,,Y
2614,7270.0,Red Light / Speed Camera,LANE COVE ROAD (NORTHBOUND) NORTH RYDE NORTHBOUND,Y,,Y
2615,7254.0,Red Light / Speed Camera,LANE COVE ROAD (SOUTHBOUND) NORTH RYDE SOUTHBOUND,Y,,Y
2622,7270.0,Red Light / Speed Camera,LANE COVE ROAD (NORTHBOUND) NORTH RYDE NORTHBOUND,,,Y
2624,7270.0,Red Light / Speed Camera,LANE COVE ROAD (NORTHBOUND) NORTH RYDE NORTHBOUND,Y,,Y
2637,7254.0,Red Light / Speed Camera,LANE COVE ROAD (SOUTHBOUND) NORTH RYDE SOUTHBOUND,,,Y
2642,7254.0,Red Light / Speed Camera,LANE COVE ROAD (SOUTHBOUND) NORTH RYDE SOUTHBOUND,,,Y
2658,7254.0,Red Light / Speed Camera,LANE COVE ROAD (SOUTHBOUND) NORTH RYDE SOUTHBOUND,Y,,Y
2662,7297.0,Red Light / Speed Camera,EPPING ROAD LANE COVE WESTBOUND,,,Y
2665,7270.0,Red Light / Speed Camera,LANE COVE ROAD (NORTHBOUND) NORTH RYDE NORTHBOUND,,,Y
2677,7254.0,Red Light / Speed Camera,LANE COVE ROAD (SOUTHBOUND) NORTH RYDE SOUTHBOUND,Y,,Y
2694,7270.0,Red Light / Speed Camera,LANE COVE ROAD (NORTHBOUND) NORTH RYDE NORTHBOUND,,,Y
2714,7270.0,Red Light / Speed Camera,LANE COVE ROAD (NORTHBOUND) NORTH RYDE NORTHBOUND,,,Y
2749,7270.0,Red Light / Speed Camera,LANE COVE ROAD (NORTHBOUND) NORTH RYDE NORTHBOUND,,,Y
2754,7254.0,Red Light / Speed Camera,LANE COVE ROAD (SOUTHBOUND) NORTH RYDE SOUTHBOUND,,,Y
2755,7270.0,Red Light / Speed Camera,LANE COVE ROAD (NORTHBOUND) NORTH RYDE NORTHBOUND,Y,,Y
2756,7254.0,Red Light / Speed Camera,LANE COVE ROAD (SOUTHBOUND) NORTH RYDE SOUTHBOUND,Y,,Y
2757,7254.0,Red Light / Speed Camera,LANE COVE ROAD (SOUTHBOUND) NORTH RYDE SOUTHBOUND,,,Y
2761,7254.0,Red Light / Speed Camera,LANE COVE ROAD (SOUTHBOUND) NORTH RYDE SOUTHBOUND,,,Y
2764,7270.0,Red Light / Speed Camera,LANE COVE ROAD (NORTHBOUND) NORTH RYDE NORTHBOUND,Y,,Y
2766,7270.0,Red Light / Speed Camera,LANE COVE ROAD (NORTHBOUND) NORTH RYDE NORTHBOUND,Y,,Y
2787,7270.0,Red Light / Speed Camera,LANE COVE ROAD (NORTHBOUND) NORTH RYDE NORTHBOUND,,,Y
2791,7270.0,Red Light / Speed Camera,LANE COVE ROAD (NORTHBOUND) NORTH RYDE NORTHBOUND,Y,,Y
2795,7270.0,Red Light / Speed Camera,LANE COVE ROAD (NORTHBOUND) NORTH RYDE NORTHBOUND,Y,,Y
2800,7270.0,Red Light / Speed Camera,LANE COVE ROAD (NORTHBOUND) NORTH RYDE NORTHBOUND,,,Y
2807,7270.0,Red Light / Speed Camera,LANE COVE ROAD (NORTHBOUND) NORTH RYDE NORTHBOUND,,,Y
2811,7270.0,Red Light / Speed Camera,LANE COVE ROAD (NORTHBOUND) NORTH RYDE NORTHBOUND,,,Y
2824,7254.0,Red Light / Speed Camera,LANE COVE ROAD (SOUTHBOUND) NORTH RYDE SOUTHBOUND,,,Y
2826,7254.0,Red Light / Speed Camera,LANE COVE ROAD (SOUTHBOUND) NORTH RYDE SOUTHBOUND,Y,,Y
2829,7270.0,Red Light / Speed Camera,LANE COVE ROAD (NORTHBOUND) NORTH RYDE NORTHBOUND,,,Y
2833,7297.0,Red Light / Speed Camera,EPPING ROAD LANE COVE WESTBOUND,,,Y
2836,7254.0,Red Light / Speed Camera,LANE COVE ROAD (SOUTHBOUND) NORTH RYDE SOUTHBOUND,Y,,Y
2848,7270.0,Red Light / Speed Camera,LANE COVE ROAD (NORTHBOUND) NORTH RYDE NORTHBOUND,,,Y
2853,7270.0,Red Light / Speed Camera,LANE COVE ROAD (NORTHBOUND) NORTH RYDE NORTHBOUND,,,Y
2856,7254.0,Red Light / Speed Camera,LANE COVE ROAD (SOUTHBOUND) NORTH RYDE SOUTHBOUND,,,Y
2859,7297.0,Red Light / Speed Camera,EPPING ROAD LANE COVE WESTBOUND,,,Y
2861,7270.0,Red Light / Speed Camera,LANE COVE ROAD (NORTHBOUND) NORTH RYDE NORTHBOUND,Y,,Y
2865,7297.0,Red Light / Speed Camera,EPPING ROAD LANE COVE WESTBOUND,,,Y
2869,7297.0,Red Light / Speed Camera,EPPING ROAD LANE COVE WESTBOUND,,,Y
2876,7297.0,Red Light / Speed Camera,EPPING ROAD LANE COVE WESTBOUND,,,Y
2902,7254.0,Red Light / Speed Camera,LANE COVE ROAD (SOUTHBOUND) NORTH RYDE SOUTHBOUND,Y,,Y
2914,7270.0,Red Light / Speed Camera,LANE COVE ROAD (NORTHBOUND) NORTH RYDE NORTHBOUND,Y,,Y
2921,7297.0,Red Light / Speed Camera,EPPING ROAD LANE COVE WESTBOUND,,,Y
2935,7254.0,Red Light / Speed Camera,LANE COVE ROAD (SOUTHBOUND) NORTH RYDE SOUTHBOUND,,,Y
2947,7297.0,Red Light / Speed Camera,EPPING ROAD LANE COVE WESTBOUND,,,Y
2948,7297.0,Red Light / Speed Camera,EPPING ROAD LANE COVE WESTBOUND,,,Y
2953,7297.0,Red Light / Speed Camera,EPPING ROAD LANE COVE WESTBOUND,,,Y
2964,7254.0,Red Light / Speed Camera,LANE COVE ROAD (SOUTHBOUND) NORTH RYDE SOUTHBOUND,,,Y
2968,7254.0,Red Light / Speed Camera,LANE COVE ROAD (SOUTHBOUND) NORTH RYDE SOUTHBOUND,Y,,Y
2993,7297.0,Red Light / Speed Camera,EPPING ROAD LANE COVE WESTBOUND,,,Y
2998,7297.0,Red Light / Speed Camera,EPPING ROAD LANE COVE WESTBOUND,,,Y
3000,7297.0,Red Light / Speed Camera,EPPING ROAD LANE COVE WESTBOUND,,,Y
3004,7297.0,Red Light / Speed Camera,EPPING ROAD LANE COVE WESTBOUND,,,Y
3007,7297.0,Red Light / Speed Camera,EPPING ROAD LANE COVE WESTBOUND,,,Y
3008,7254.0,Red Light / Speed Camera,LANE COVE ROAD (SOUTHBOUND) NORTH RYDE SOUTHBOUND,,,Y
3036,7270.0,Red Light / Speed Camera,LANE COVE ROAD (NORTHBOUND) NORTH RYDE NORTHBOUND,,,Y
3039,7270.0,Red Light / Speed Camera,LANE COVE ROAD (NORTHBOUND) NORTH RYDE NORTHBOUND,,,Y
3040,7297.0,Red Light / Speed Camera,EPPING ROAD LANE COVE WESTBOUND,,,Y
3041,7270.0,Red Light / Speed Camera,LANE COVE ROAD (NORTHBOUND) NORTH RYDE NORTHBOUND,Y,,Y
3043,7270.0,Red Light / Speed Camera,LANE COVE ROAD (NORTHBOUND) NORTH RYDE NORTHBOUND,,,Y
3045,7270.0,Red Light / Speed Camera,LANE COVE ROAD (NORTHBOUND) NORTH RYDE NORTHBOUND,,,Y
3047,7270.0,Red Light / Speed Camera,LANE COVE ROAD (NORTHBOUND) NORTH RYDE NORTHBOUND,Y,,Y
3050,7297.0,Red Light / Speed Camera,EPPING ROAD LANE COVE WESTBOUND,,,Y
3057,7297.0,Red Light / Speed Camera,EPPING ROAD LANE COVE WESTBOUND,,,Y
3069,7254.0,Red Light / Speed Camera,LANE COVE ROAD (SOUTHBOUND) NORTH RYDE SOUTHBOUND,,,Y
3074,7297.0,Red Light / Speed Camera,EPPING ROAD LANE COVE WESTBOUND,,,Y
3078,7254.0,Red Light / Speed Camera,LANE COVE ROAD (SOUTHBOUND) NORTH RYDE SOUTHBOUND,Y,,Y
3092,7254.0,Red Light / Speed Camera,LANE COVE ROAD (SOUTHBOUND) NORTH RYDE SOUTHBOUND,,,Y
3106,7270.0,Red Light / Speed Camera,LANE COVE ROAD (NORTHBOUND) NORTH RYDE NORTHBOUND,Y,,Y
3108,7297.0,Red Light / Speed Camera,EPPING ROAD LANE COVE WESTBOUND,,,Y
3111,7254.0,Red Light / Speed Camera,LANE COVE ROAD (SOUTHBOUND) NORTH RYDE SOUTHBOUND,,,Y
3113,7270.0,Red Light / Speed Camera,LANE COVE ROAD (NORTHBOUND) NORTH RYDE NORTHBOUND,,,Y
3115,7270.0,Red Light / Speed Camera,LANE COVE ROAD (NORTHBOUND) NORTH RYDE NORTHBOUND,Y,,Y
3125,7270.0,Red Light / Speed Camera,LANE COVE ROAD (NORTHBOUND) NORTH RYDE NORTHBOUND,,,Y
3147,7254.0,Red Light / Speed Camera,LANE COVE ROAD (SOUTHBOUND) NORTH RYDE SOUTHBOUND,Y,,Y
3153,7297.0,Red Light / Speed Camera,EPPING ROAD LANE COVE WESTBOUND,,,Y
3156,7297.0,Red Light / Speed Camera,EPPING ROAD LANE COVE WESTBOUND,,,Y
3160,7254.0,Red Light / Speed Camera,LANE COVE ROAD (SOUTHBOUND) NORTH RYDE SOUTHBOUND,,,Y
3168,7270.0,Red Light / Speed Camera,LANE COVE ROAD (NORTHBOUND) NORTH RYDE NORTHBOUND,,,Y
3177,7270.0,Red Light / Speed Camera,LANE COVE ROAD (NORTHBOUND) NORTH RYDE NORTHBOUND,Y,,Y
3194,7254.0,Red Light / Speed Camera,LANE COVE ROAD (SOUTHBOUND) NORTH RYDE SOUTHBOUND,Y,,Y
3195,7254.0,Red Light / Speed Camera,LANE COVE ROAD (SOUTHBOUND) NORTH RYDE SOUTHBOUND,,,Y
3203,7254.0,Red Light / Speed Camera,LANE COVE ROAD (SOUTHBOUND) NORTH RYDE SOUTHBOUND,,,Y
3204,7297.0,Red Light / Speed Camera,EPPING ROAD LANE COVE WESTBOUND,,,Y
3205,7297.0,Red Light / Speed Camera,EPPING ROAD LANE COVE WESTBOUND,,,Y
3213,7297.0,Red Light / Speed Camera,EPPING ROAD LANE COVE WESTBOUND,,,Y
3221,7297.0,Red Light / Speed Camera,EPPING ROAD LANE COVE WESTBOUND,,,Y
3223,7254.0,Red Light / Speed Camera,LANE COVE ROAD (SOUTHBOUND) NORTH RYDE SOUTHBOUND,,,Y
3239,7270.0,Red Light / Speed Camera,LANE COVE ROAD (NORTHBOUND) NORTH RYDE NORTHBOUND,Y,,Y
3254,7270.0,Red Light / Speed Camera,LANE COVE ROAD (NORTHBOUND) NORTH RYDE NORTHBOUND,,,Y
3259,7270.0,Red Light / Speed Camera,LANE COVE ROAD (NORTHBOUND) NORTH RYDE NORTHBOUND,Y,,Y
3265,7270.0,Red Light / Speed Camera,LANE COVE ROAD (NORTHBOUND) NORTH RYDE NORTHBOUND,,,Y
3266,7270.0,Red Light / Speed Camera,LANE COVE ROAD (NORTHBOUND) NORTH RYDE NORTHBOUND,Y,,Y
3272,7270.0,Red Light / Speed Camera,LANE COVE ROAD (NORTHBOUND) NORTH RYDE NORTHBOUND,,,Y
3277,7270.0,Red Light / Speed Camera,LANE COVE ROAD (NORTHBOUND) NORTH RYDE NORTHBOUND,,,Y
3281,7254.0,Red Light / Speed Camera,LANE COVE ROAD (SOUTHBOUND) NORTH RYDE SOUTHBOUND,Y,,Y
3282,7270.0,Red Light / Speed Camera,LANE COVE ROAD (NORTHBOUND) NORTH RYDE NORTHBOUND,Y,,Y
3296,7270.0,Red Light / Speed Camera,LANE COVE ROAD (NORTHBOUND) NORTH RYDE NORTHBOUND,,,Y
3297,7270.0,Red Light / Speed Camera,LANE COVE ROAD (NORTHBOUND) NORTH RYDE NORTHBOUND,Y,,Y
3306,7270.0,Red Light / Speed Camera,LANE COVE ROAD (NORTHBOUND) NORTH RYDE NORTHBOUND,Y,,Y
3310,7270.0,Red Light / Speed Camera,LANE COVE ROAD (NORTHBOUND) NORTH RYDE NORTHBOUND,Y,,Y
3318,7270.0,Red Light / Speed Camera,LANE COVE ROAD (NORTHBOUND) NORTH RYDE NORTHBOUND,,,Y
3326,7254.0,Red Light / Speed Camera,LANE COVE ROAD (SOUTHBOUND) NORTH RYDE SOUTHBOUND,,,Y
3338,7270.0,Red Light / Speed Camera,LANE COVE ROAD (NORTHBOUND) NORTH RYDE NORTHBOUND,Y,,Y
3356,7270.0,Red Light / Speed Camera,LANE COVE ROAD (NORTHBOUND) NORTH RYDE NORTHBOUND,,,Y
3360,7254.0,Red Light / Speed Camera,LANE COVE ROAD (SOUTHBOUND) NORTH RYDE SOUTHBOUND,,,Y
3372,7254.0,Red Light / Speed Camera,LANE COVE ROAD (SOUTHBOUND) NORTH RYDE SOUTHBOUND,,,Y
3376,7297.0,Red Light / Speed Camera,EPPING ROAD LANE COVE WESTBOUND,,,Y
3377,7270.0,Red Light / Speed Camera,LANE COVE ROAD (NORTHBOUND) NORTH RYDE NORTHBOUND,,,Y
3389,7270.0,Red Light / Speed Camera,LANE COVE ROAD (NORTHBOUND) NORTH RYDE NORTHBOUND,,,Y
3399,7254.0,Red Light / Speed Camera,LANE COVE ROAD (SOUTHBOUND) NORTH RYDE SOUTHBOUND,Y,,Y
3401,7254.0,Red Light / Speed Camera,LANE COVE ROAD (SOUTHBOUND) NORTH RYDE SOUTHBOUND,,,Y
3402,7254.0,Red Light / Speed Camera,LANE COVE ROAD (SOUTHBOUND) NORTH RYDE SOUTHBOUND,,,Y
3404,7297.0,Red Light / Speed Camera,EPPING ROAD LANE COVE WESTBOUND,,,Y
3405,7270.0,Red Light / Speed Camera,LANE COVE ROAD (NORTHBOUND) NORTH RYDE NORTHBOUND,,,Y
3411,7270.0,Red Light / Speed Camera,LANE COVE ROAD (NORTHBOUND) NORTH RYDE NORTHBOUND,,,Y
3416,7297.0,Red Light / Speed Camera,EPPING ROAD LANE COVE WESTBOUND,,,Y
3420,7270.0,Red Light / Speed Camera,LANE COVE ROAD (NORTHBOUND) NORTH RYDE NORTHBOUND,Y,,Y
3429,7270.0,Red Light / Speed Camera,LANE COVE ROAD (NORTHBOUND) NORTH RYDE NORTHBOUND,Y,,Y
3435,7254.0,Red Light / Speed Camera,LANE COVE ROAD (SOUTHBOUND) NORTH RYDE SOUTHBOUND,,,Y
3440,7254.0,Red Light / Speed Camera,LANE COVE ROAD (SOUTHBOUND) NORTH RYDE SOUTHBOUND,,,Y
3444,7270.0,Red Light / Speed Camera,LANE COVE ROAD (NORTHBOUND) NORTH RYDE NORTHBOUND,Y,,Y
3454,7254.0,Red Light / Speed Camera,LANE COVE ROAD (SOUTHBOUND) NORTH RYDE SOUTHBOUND,,,Y
3461,7270.0,Red Light / Speed Camera,LANE COVE ROAD (NORTHBOUND) NORTH RYDE NORTHBOUND,Y,,Y
3462,7254.0,Red Light / Speed Camera,LANE COVE ROAD (SOUTHBOUND) NORTH RYDE SOUTHBOUND,,,Y
3479,7270.0,Red Light / Speed Camera,LANE COVE ROAD (NORTHBOUND) NORTH RYDE NORTHBOUND,,,Y
3483,7254.0,Red Light / Speed Camera,LANE COVE ROAD (SOUTHBOUND) NORTH RYDE SOUTHBOUND,,,Y
3494,7254.0,Red Light / Speed Camera,LANE COVE ROAD (SOUTHBOUND) NORTH RYDE SOUTHBOUND,,,Y
3499,7270.0,Red Light / Speed Camera,LANE COVE ROAD (NORTHBOUND) NORTH RYDE NORTHBOUND,Y,,Y
3503,7270.0,Red Light / Speed Camera,LANE COVE ROAD (NORTHBOUND) NORTH RYDE NORTHBOUND,,,Y
3507,7297.0,Red Light / Speed Camera,EPPING ROAD LANE COVE WESTBOUND,,,Y
3523,7297.0,Red Light / Speed Camera,EPPING ROAD LANE COVE WESTBOUND,,,Y
3524,7254.0,Red Light / Speed Camera,LANE COVE ROAD (SOUTHBOUND) NORTH RYDE SOUTHBOUND,,,Y
3525,7297.0,Red Light / Speed Camera,EPPING ROAD LANE COVE WESTBOUND,,,Y
3541,7254.0,Red Light / Speed Camera,LANE COVE ROAD (SOUTHBOUND) NORTH RYDE SOUTHBOUND,Y,,Y
3544,7270.0,Red Light / Speed Camera,LANE COVE ROAD (NORTHBOUND) NORTH RYDE NORTHBOUND,,,Y
3545,7254.0,Red Light / Speed Camera,LANE COVE ROAD (SOUTHBOUND) NORTH RYDE SOUTHBOUND,,,Y
3547,7270.0,Red Light / Speed Camera,LANE COVE ROAD (NORTHBOUND) NORTH RYDE NORTHBOUND,,,Y
3552,7297.0,Red Light / Speed Camera,EPPING ROAD LANE COVE WESTBOUND,,,Y
3559,7270.0,Red Light / Speed Camera,LANE COVE ROAD (NORTHBOUND) NORTH RYDE NORTHBOUND,,,Y
3566,7254.0,Red Light / Speed Camera,LANE COVE ROAD (SOUTHBOUND) NORTH RYDE SOUTHBOUND,,,Y
3571,7297.0,Red Light / Speed Camera,EPPING ROAD LANE COVE WESTBOUND,,,Y
3578,7254.0,Red Light / Speed Camera,LANE COVE ROAD (SOUTHBOUND) NORTH RYDE SOUTHBOUND,,,Y
3579,7270.0,Red Light / Speed Camera,LANE COVE ROAD (NORTHBOUND) NORTH RYDE NORTHBOUND,Y,,Y
3585,7270.0,Red Light / Speed Camera,LANE COVE ROAD (NORTHBOUND) NORTH RYDE NORTHBOUND,Y,,Y
3591,7270.0,Red Light / Speed Camera,LANE COVE ROAD (NORTHBOUND) NORTH RYDE NORTHBOUND,Y,,Y
3597,7254.0,Red Light / Speed Camera,LANE COVE ROAD (SOUTHBOUND) NORTH RYDE SOUTHBOUND,Y,,Y
3601,7254.0,Red Light / Speed Camera,LANE COVE ROAD (SOUTHBOUND) NORTH RYDE SOUTHBOUND,,,Y
3646,7270.0,Red Light / Speed Camera,LANE COVE ROAD (NORTHBOUND) NORTH RYDE NORTHBOUND,,,Y
3652,7270.0,Red Light / Speed Camera,LANE COVE ROAD (NORTHBOUND) NORTH RYDE NORTHBOUND,Y,,Y
3654,7270.0,Red Light / Speed Camera,LANE COVE ROAD (NORTHBOUND) NORTH RYDE NORTHBOUND,,,Y
3674,7270.0,Red Light / Speed Camera,LANE COVE ROAD (NORTHBOUND) NORTH RYDE NORTHBOUND,Y,,Y
3681,7254.0,Red Light / Speed Camera,LANE COVE ROAD (SOUTHBOUND) NORTH RYDE SOUTHBOUND,,,Y
3707,7270.0,Red Light / Speed Camera,LANE COVE ROAD (NORTHBOUND) NORTH RYDE NORTHBOUND,Y,,Y
3710,7270.0,Red Light / Speed Camera,LANE COVE ROAD (NORTHBOUND) NORTH RYDE NORTHBOUND,,,Y
3722,7254.0,Red Light / Speed Camera,LANE COVE ROAD (SOUTHBOUND) NORTH RYDE SOUTHBOUND,,,Y
3724,7254.0,Red Light / Speed Camera,LANE COVE ROAD (SOUTHBOUND) NORTH RYDE SOUTHBOUND,,,Y
3733,7270.0,Red Light / Speed Camera,LANE COVE ROAD (NORTHBOUND) NORTH RYDE NORTHBOUND,,,Y
3736,7297.0,Red Light / Speed Camera,EPPING ROAD LANE COVE WESTBOUND,,,Y
3743,7254.0,Red Light / Speed Camera,LANE COVE ROAD (SOUTHBOUND) NORTH RYDE SOUTHBOUND,Y,,Y
3766,7254.0,Red Light / Speed Camera,LANE COVE ROAD (SOUTHBOUND) NORTH RYDE SOUTHBOUND,,,Y
3773,7297.0,Red Light / Speed Camera,EPPING ROAD LANE COVE WESTBOUND,,,Y
3775,7254.0,Red Light / Speed Camera,LANE COVE ROAD (SOUTHBOUND) NORTH RYDE SOUTHBOUND,Y,,Y
3788,7270.0,Red Light / Speed Camera,LANE COVE ROAD (NORTHBOUND) NORTH RYDE NORTHBOUND,,,Y
3792,7270.0,Red Light / Speed Camera,LANE COVE ROAD (NORTHBOUND) NORTH RYDE NORTHBOUND,,,Y
